_id,first_name,last_name
escribeleaqui@correo.ugr.es,Burrito,Tierno
,,
,,
jeovani@correo.ugr.es,Jeovani Marcos,Morales Nieto
,,
,,
,,
fake@correo.ugr.es,Nombre,Falso Apellido
,,
,,
email@a001.com,nombre001,apellido apellido 001
email@a010.com,nombre010,apellido apellido 010
email@a100.com,nombre100,apellido apellido 100
email@a101.com,nombre101,apellido apellido 101
email@a102.com,nombre102,apellido apellido 102
email@a103.com,nombre103,apellido apellido 103
email@a104.com,nombre104,apellido apellido 104
email@a105.com,nombre105,apellido apellido 105
email@a106.com,nombre106,apellido apellido 106
email@a107.com,nombre107,apellido apellido 107
email@a108.com,nombre108,apellido apellido 108
email@a109.com,nombre109,apellido apellido 109
email@a011.com,nombre011,apellido apellido 011
,,
email@a110.com,nombre110,apellido apellido 110
email@a111.com,nombre111,apellido apellido 111
email@a112.com,nombre112,apellido apellido 112
email@a113.com,nombre113,apellido apellido 113
email@a114.com,nombre114,apellido apellido 114
email@a115.com,nombre115,apellido apellido 115
email@a116.com,nombre116,apellido apellido 116
email@a117.com,nombre117,apellido apellido 117
email@a118.com,nombre118,apellido apellido 118
email@a119.com,nombre119,apellido apellido 119
email@a012.com,nombre012,apellido apellido 012
email@a120.com,nombre120,apellido apellido 120
email@a121.com,nombre121,apellido apellido 121
email@a122.com,nombre122,apellido apellido 122
email@a123.com,nombre123,apellido apellido 123
email@a124.com,nombre124,apellido apellido 124
email@a125.com,nombre125,apellido apellido 125
email@a126.com,nombre126,apellido apellido 126
email@a127.com,nombre127,apellido apellido 127
email@a128.com,nombre128,apellido apellido 128
email@a129.com,nombre129,apellido apellido 129
email@a013.com,nombre013,apellido apellido 013
email@a130.com,nombre130,apellido apellido 130
email@a131.com,nombre131,apellido apellido 131
email@a132.com,nombre132,apellido apellido 132
email@a133.com,nombre133,apellido apellido 133
email@a134.com,nombre134,apellido apellido 134
email@a135.com,nombre135,apellido apellido 135
email@a136.com,nombre136,apellido apellido 136
email@a137.com,nombre137,apellido apellido 137
email@a138.com,nombre138,apellido apellido 138
email@a139.com,nombre139,apellido apellido 139
email@a014.com,nombre014,apellido apellido 014
email@a140.com,nombre140,apellido apellido 140
email@a141.com,nombre141,apellido apellido 141
email@a142.com,nombre142,apellido apellido 142
email@a143.com,nombre143,apellido apellido 143
email@a144.com,nombre144,apellido apellido 144
email@a145.com,nombre145,apellido apellido 145
email@a146.com,nombre146,apellido apellido 146
email@a147.com,nombre147,apellido apellido 147
email@a148.com,nombre148,apellido apellido 148
email@a149.com,nombre149,apellido apellido 149
email@a015.com,nombre015,apellido apellido 015
email@a150.com,nombre150,apellido apellido 150
email@a151.com,nombre151,apellido apellido 151
email@a152.com,nombre152,apellido apellido 152
email@a153.com,nombre153,apellido apellido 153
email@a154.com,nombre154,apellido apellido 154
email@a155.com,nombre155,apellido apellido 155
email@a156.com,nombre156,apellido apellido 156
email@a157.com,nombre157,apellido apellido 157
email@a158.com,nombre158,apellido apellido 158
email@a159.com,nombre159,apellido apellido 159
email@a016.com,nombre016,apellido apellido 016
email@a160.com,nombre160,apellido apellido 160
email@a161.com,nombre161,apellido apellido 161
email@a162.com,nombre162,apellido apellido 162
email@a163.com,nombre163,apellido apellido 163
email@a164.com,nombre164,apellido apellido 164
email@a165.com,nombre165,apellido apellido 165
,,
email@a166.com,nombre166,apellido apellido 166
email@a167.com,nombre167,apellido apellido 167
email@a168.com,nombre168,apellido apellido 168
email@a169.com,nombre169,apellido apellido 169
email@a017.com,nombre017,apellido apellido 017
email@a170.com,nombre170,apellido apellido 170
email@a171.com,nombre171,apellido apellido 171
email@a172.com,nombre172,apellido apellido 172
email@a173.com,nombre173,apellido apellido 173
email@a174.com,nombre174,apellido apellido 174
email@a175.com,nombre175,apellido apellido 175
email@a176.com,nombre176,apellido apellido 176
email@a177.com,nombre177,apellido apellido 177
email@a178.com,nombre178,apellido apellido 178
email@a179.com,nombre179,apellido apellido 179
email@a018.com,nombre018,apellido apellido 018
email@a180.com,nombre180,apellido apellido 180
email@a181.com,nombre181,apellido apellido 181
email@a182.com,nombre182,apellido apellido 182
email@a183.com,nombre183,apellido apellido 183
email@a184.com,nombre184,apellido apellido 184
email@a185.com,nombre185,apellido apellido 185
email@a186.com,nombre186,apellido apellido 186
email@a187.com,nombre187,apellido apellido 187
email@a188.com,nombre188,apellido apellido 188
email@a189.com,nombre189,apellido apellido 189
email@a019.com,nombre019,apellido apellido 019
email@a190.com,nombre190,apellido apellido 190
email@a191.com,nombre191,apellido apellido 191
email@a192.com,nombre192,apellido apellido 192
email@a193.com,nombre193,apellido apellido 193
email@a194.com,nombre194,apellido apellido 194
email@a195.com,nombre195,apellido apellido 195
email@a196.com,nombre196,apellido apellido 196
email@a197.com,nombre197,apellido apellido 197
email@a198.com,nombre198,apellido apellido 198
email@a199.com,nombre199,apellido apellido 199
email@a002.com,nombre002,apellido apellido 002
email@a020.com,nombre020,apellido apellido 020
email@a200.com,nombre200,apellido apellido 200
email@a201.com,nombre201,apellido apellido 201
email@a202.com,nombre202,apellido apellido 202
email@a203.com,nombre203,apellido apellido 203
email@a204.com,nombre204,apellido apellido 204
email@a205.com,nombre205,apellido apellido 205
email@a206.com,nombre206,apellido apellido 206
email@a207.com,nombre207,apellido apellido 207
email@a208.com,nombre208,apellido apellido 208
email@a209.com,nombre209,apellido apellido 209
email@a021.com,nombre021,apellido apellido 021
email@a210.com,nombre210,apellido apellido 210
email@a211.com,nombre211,apellido apellido 211
email@a212.com,nombre212,apellido apellido 212
email@a213.com,nombre213,apellido apellido 213
email@a214.com,nombre214,apellido apellido 214
email@a215.com,nombre215,apellido apellido 215
email@a216.com,nombre216,apellido apellido 216
email@a217.com,nombre217,apellido apellido 217
email@a218.com,nombre218,apellido apellido 218
email@a219.com,nombre219,apellido apellido 219
email@a022.com,nombre022,apellido apellido 022
email@a220.com,nombre220,apellido apellido 220
email@a221.com,nombre221,apellido apellido 221
email@a222.com,nombre222,apellido apellido 222
email@a223.com,nombre223,apellido apellido 223
email@a224.com,nombre224,apellido apellido 224
email@a225.com,nombre225,apellido apellido 225
email@a226.com,nombre226,apellido apellido 226
email@a227.com,nombre227,apellido apellido 227
email@a228.com,nombre228,apellido apellido 228
email@a229.com,nombre229,apellido apellido 229
email@a023.com,nombre023,apellido apellido 023
email@a230.com,nombre230,apellido apellido 230
email@a231.com,nombre231,apellido apellido 231
email@a232.com,nombre232,apellido apellido 232
email@a233.com,nombre233,apellido apellido 233
email@a234.com,nombre234,apellido apellido 234
email@a235.com,nombre235,apellido apellido 235
email@a236.com,nombre236,apellido apellido 236
email@a237.com,nombre237,apellido apellido 237
email@a238.com,nombre238,apellido apellido 238
email@a239.com,nombre239,apellido apellido 239
email@a024.com,nombre024,apellido apellido 024
email@a240.com,nombre240,apellido apellido 240
,,
email@a241.com,nombre241,apellido apellido 241
email@a242.com,nombre242,apellido apellido 242
email@a243.com,nombre243,apellido apellido 243
email@a244.com,nombre244,apellido apellido 244
email@a245.com,nombre245,apellido apellido 245
email@a246.com,nombre246,apellido apellido 246
email@a247.com,nombre247,apellido apellido 247
email@a248.com,nombre248,apellido apellido 248
email@a249.com,nombre249,apellido apellido 249
email@a025.com,nombre025,apellido apellido 025
email@a250.com,nombre250,apellido apellido 250
email@a026.com,nombre026,apellido apellido 026
email@a027.com,nombre027,apellido apellido 027
email@a028.com,nombre028,apellido apellido 028
email@a029.com,nombre029,apellido apellido 029
email@a003.com,nombre003,apellido apellido 003
email@a030.com,nombre030,apellido apellido 030
email@a031.com,nombre031,apellido apellido 031
email@a032.com,nombre032,apellido apellido 032
email@a033.com,nombre033,apellido apellido 033
email@a034.com,nombre034,apellido apellido 034
email@a035.com,nombre035,apellido apellido 035
email@a036.com,nombre036,apellido apellido 036
email@a037.com,nombre037,apellido apellido 037
email@a038.com,nombre038,apellido apellido 038
email@a039.com,nombre039,apellido apellido 039
email@a004.com,nombre004,apellido apellido 004
email@a040.com,nombre040,apellido apellido 040
email@a041.com,nombre041,apellido apellido 041
email@a042.com,nombre042,apellido apellido 042
email@a043.com,nombre043,apellido apellido 043
email@a044.com,nombre044,apellido apellido 044
email@a045.com,nombre045,apellido apellido 045
email@a046.com,nombre046,apellido apellido 046
email@a047.com,nombre047,apellido apellido 047
email@a048.com,nombre048,apellido apellido 048
email@a049.com,nombre049,apellido apellido 049
email@a005.com,nombre005,apellido apellido 005
email@a050.com,nombre050,apellido apellido 050
email@a051.com,nombre051,apellido apellido 051
email@a052.com,nombre052,apellido apellido 052
email@a053.com,nombre053,apellido apellido 053
email@a054.com,nombre054,apellido apellido 054
email@a055.com,nombre055,apellido apellido 055
,,
,,
email@a056.com,nombre056,apellido apellido 056
email@a057.com,nombre057,apellido apellido 057
email@a058.com,nombre058,apellido apellido 058
email@a059.com,nombre059,apellido apellido 059
email@a006.com,nombre006,apellido apellido 006
email@a060.com,nombre060,apellido apellido 060
email@a061.com,nombre061,apellido apellido 061
email@a062.com,nombre062,apellido apellido 062
email@a063.com,nombre063,apellido apellido 063
email@a064.com,nombre064,apellido apellido 064
email@a065.com,nombre065,apellido apellido 065
email@a066.com,nombre066,apellido apellido 066
email@a067.com,nombre067,apellido apellido 067
email@a068.com,nombre068,apellido apellido 068
email@a069.com,nombre069,apellido apellido 069
email@a007.com,nombre007,apellido apellido 007
email@a070.com,nombre070,apellido apellido 070
email@a071.com,nombre071,apellido apellido 071
email@a072.com,nombre072,apellido apellido 072
email@a073.com,nombre073,apellido apellido 073
email@a074.com,nombre074,apellido apellido 074
email@a075.com,nombre075,apellido apellido 075
email@a076.com,nombre076,apellido apellido 076
email@a077.com,nombre077,apellido apellido 077
email@a078.com,nombre078,apellido apellido 078
email@a079.com,nombre079,apellido apellido 079
email@a008.com,nombre008,apellido apellido 008
email@a080.com,nombre080,apellido apellido 080
email@a081.com,nombre081,apellido apellido 081
email@a082.com,nombre082,apellido apellido 082
email@a083.com,nombre083,apellido apellido 083
email@a084.com,nombre084,apellido apellido 084
email@a085.com,nombre085,apellido apellido 085
email@a086.com,nombre086,apellido apellido 086
email@a087.com,nombre087,apellido apellido 087
email@a088.com,nombre088,apellido apellido 088
email@a089.com,nombre089,apellido apellido 089
email@a009.com,nombre009,apellido apellido 009
email@a090.com,nombre090,apellido apellido 090
email@a091.com,nombre091,apellido apellido 091
email@a092.com,nombre092,apellido apellido 092
email@a093.com,nombre093,apellido apellido 093
email@a094.com,nombre094,apellido apellido 094
email@a095.com,nombre095,apellido apellido 095
email@a096.com,nombre096,apellido apellido 096
email@a097.com,nombre097,apellido apellido 097
email@a098.com,nombre098,apellido apellido 098
email@a099.com,nombre099,apellido apellido 099