username,firstname,lastname,email,password,course1,role1
usuario1,nombre1,apellido apellido 1,email@a.com1,password,curso_prueba,student
usuario2,nombre2,apellido apellido 2,email@a.com2,password,curso_prueba,student
usuario3,nombre3,apellido apellido 3,email@a.com3,password,curso_prueba,student
usuario4,nombre4,apellido apellido 4,email@a.com4,password,curso_prueba,student
usuario5,nombre5,apellido apellido 5,email@a.com5,password,curso_prueba,student
usuario6,nombre6,apellido apellido 6,email@a.com6,password,curso_prueba,student
usuario7,nombre7,apellido apellido 7,email@a.com7,password,curso_prueba,student
usuario8,nombre8,apellido apellido 8,email@a.com8,password,curso_prueba,student
usuario9,nombre9,apellido apellido 9,email@a.com9,password,curso_prueba,student
usuario10,nombre10,apellido apellido 10,email@a.com10,password,curso_prueba,student
usuario11,nombre11,apellido apellido 11,email@a.com11,password,curso_prueba,student
usuario12,nombre12,apellido apellido 12,email@a.com12,password,curso_prueba,student
usuario13,nombre13,apellido apellido 13,email@a.com13,password,curso_prueba,student
usuario14,nombre14,apellido apellido 14,email@a.com14,password,curso_prueba,student
usuario15,nombre15,apellido apellido 15,email@a.com15,password,curso_prueba,student
usuario16,nombre16,apellido apellido 16,email@a.com16,password,curso_prueba,student
usuario17,nombre17,apellido apellido 17,email@a.com17,password,curso_prueba,student
usuario18,nombre18,apellido apellido 18,email@a.com18,password,curso_prueba,student
usuario19,nombre19,apellido apellido 19,email@a.com19,password,curso_prueba,student
usuario20,nombre20,apellido apellido 20,email@a.com20,password,curso_prueba,student
usuario21,nombre21,apellido apellido 21,email@a.com21,password,curso_prueba,student
usuario22,nombre22,apellido apellido 22,email@a.com22,password,curso_prueba,student
usuario23,nombre23,apellido apellido 23,email@a.com23,password,curso_prueba,student
usuario24,nombre24,apellido apellido 24,email@a.com24,password,curso_prueba,student
usuario25,nombre25,apellido apellido 25,email@a.com25,password,curso_prueba,student
usuario26,nombre26,apellido apellido 26,email@a.com26,password,curso_prueba,student
usuario27,nombre27,apellido apellido 27,email@a.com27,password,curso_prueba,student
usuario28,nombre28,apellido apellido 28,email@a.com28,password,curso_prueba,student
usuario29,nombre29,apellido apellido 29,email@a.com29,password,curso_prueba,student
usuario30,nombre30,apellido apellido 30,email@a.com30,password,curso_prueba,student
usuario31,nombre31,apellido apellido 31,email@a.com31,password,curso_prueba,student
usuario32,nombre32,apellido apellido 32,email@a.com32,password,curso_prueba,student
usuario33,nombre33,apellido apellido 33,email@a.com33,password,curso_prueba,student
usuario34,nombre34,apellido apellido 34,email@a.com34,password,curso_prueba,student
usuario35,nombre35,apellido apellido 35,email@a.com35,password,curso_prueba,student
usuario36,nombre36,apellido apellido 36,email@a.com36,password,curso_prueba,student
usuario37,nombre37,apellido apellido 37,email@a.com37,password,curso_prueba,student
usuario38,nombre38,apellido apellido 38,email@a.com38,password,curso_prueba,student
usuario39,nombre39,apellido apellido 39,email@a.com39,password,curso_prueba,student
usuario40,nombre40,apellido apellido 40,email@a.com40,password,curso_prueba,student
usuario41,nombre41,apellido apellido 41,email@a.com41,password,curso_prueba,student
usuario42,nombre42,apellido apellido 42,email@a.com42,password,curso_prueba,student
usuario43,nombre43,apellido apellido 43,email@a.com43,password,curso_prueba,student
usuario44,nombre44,apellido apellido 44,email@a.com44,password,curso_prueba,student
usuario45,nombre45,apellido apellido 45,email@a.com45,password,curso_prueba,student
usuario46,nombre46,apellido apellido 46,email@a.com46,password,curso_prueba,student
usuario47,nombre47,apellido apellido 47,email@a.com47,password,curso_prueba,student
usuario48,nombre48,apellido apellido 48,email@a.com48,password,curso_prueba,student
usuario49,nombre49,apellido apellido 49,email@a.com49,password,curso_prueba,student
usuario50,nombre50,apellido apellido 50,email@a.com50,password,curso_prueba,student
usuario51,nombre51,apellido apellido 51,email@a.com51,password,curso_prueba,student
usuario52,nombre52,apellido apellido 52,email@a.com52,password,curso_prueba,student
usuario53,nombre53,apellido apellido 53,email@a.com53,password,curso_prueba,student
usuario54,nombre54,apellido apellido 54,email@a.com54,password,curso_prueba,student
usuario55,nombre55,apellido apellido 55,email@a.com55,password,curso_prueba,student
usuario56,nombre56,apellido apellido 56,email@a.com56,password,curso_prueba,student
usuario57,nombre57,apellido apellido 57,email@a.com57,password,curso_prueba,student
usuario58,nombre58,apellido apellido 58,email@a.com58,password,curso_prueba,student
usuario59,nombre59,apellido apellido 59,email@a.com59,password,curso_prueba,student
usuario60,nombre60,apellido apellido 60,email@a.com60,password,curso_prueba,student
usuario61,nombre61,apellido apellido 61,email@a.com61,password,curso_prueba,student
usuario62,nombre62,apellido apellido 62,email@a.com62,password,curso_prueba,student
usuario63,nombre63,apellido apellido 63,email@a.com63,password,curso_prueba,student
usuario64,nombre64,apellido apellido 64,email@a.com64,password,curso_prueba,student
usuario65,nombre65,apellido apellido 65,email@a.com65,password,curso_prueba,student
usuario66,nombre66,apellido apellido 66,email@a.com66,password,curso_prueba,student
usuario67,nombre67,apellido apellido 67,email@a.com67,password,curso_prueba,student
usuario68,nombre68,apellido apellido 68,email@a.com68,password,curso_prueba,student
usuario69,nombre69,apellido apellido 69,email@a.com69,password,curso_prueba,student
usuario70,nombre70,apellido apellido 70,email@a.com70,password,curso_prueba,student
usuario71,nombre71,apellido apellido 71,email@a.com71,password,curso_prueba,student
usuario72,nombre72,apellido apellido 72,email@a.com72,password,curso_prueba,student
usuario73,nombre73,apellido apellido 73,email@a.com73,password,curso_prueba,student
usuario74,nombre74,apellido apellido 74,email@a.com74,password,curso_prueba,student
usuario75,nombre75,apellido apellido 75,email@a.com75,password,curso_prueba,student
usuario76,nombre76,apellido apellido 76,email@a.com76,password,curso_prueba,student
usuario77,nombre77,apellido apellido 77,email@a.com77,password,curso_prueba,student
usuario78,nombre78,apellido apellido 78,email@a.com78,password,curso_prueba,student
usuario79,nombre79,apellido apellido 79,email@a.com79,password,curso_prueba,student
usuario80,nombre80,apellido apellido 80,email@a.com80,password,curso_prueba,student
usuario81,nombre81,apellido apellido 81,email@a.com81,password,curso_prueba,student
usuario82,nombre82,apellido apellido 82,email@a.com82,password,curso_prueba,student
usuario83,nombre83,apellido apellido 83,email@a.com83,password,curso_prueba,student
usuario84,nombre84,apellido apellido 84,email@a.com84,password,curso_prueba,student
usuario85,nombre85,apellido apellido 85,email@a.com85,password,curso_prueba,student
usuario86,nombre86,apellido apellido 86,email@a.com86,password,curso_prueba,student
usuario87,nombre87,apellido apellido 87,email@a.com87,password,curso_prueba,student
usuario88,nombre88,apellido apellido 88,email@a.com88,password,curso_prueba,student
usuario89,nombre89,apellido apellido 89,email@a.com89,password,curso_prueba,student
usuario90,nombre90,apellido apellido 90,email@a.com90,password,curso_prueba,student
usuario91,nombre91,apellido apellido 91,email@a.com91,password,curso_prueba,student
usuario92,nombre92,apellido apellido 92,email@a.com92,password,curso_prueba,student
usuario93,nombre93,apellido apellido 93,email@a.com93,password,curso_prueba,student
usuario94,nombre94,apellido apellido 94,email@a.com94,password,curso_prueba,student
usuario95,nombre95,apellido apellido 95,email@a.com95,password,curso_prueba,student
usuario96,nombre96,apellido apellido 96,email@a.com96,password,curso_prueba,student
usuario97,nombre97,apellido apellido 97,email@a.com97,password,curso_prueba,student
usuario98,nombre98,apellido apellido 98,email@a.com98,password,curso_prueba,student
usuario99,nombre99,apellido apellido 99,email@a.com99,password,curso_prueba,student
usuario100,nombre100,apellido apellido 100,email@a.com100,password,curso_prueba,student
usuario101,nombre101,apellido apellido 101,email@a.com101,password,curso_prueba,student
usuario102,nombre102,apellido apellido 102,email@a.com102,password,curso_prueba,student
usuario103,nombre103,apellido apellido 103,email@a.com103,password,curso_prueba,student
usuario104,nombre104,apellido apellido 104,email@a.com104,password,curso_prueba,student
usuario105,nombre105,apellido apellido 105,email@a.com105,password,curso_prueba,student
usuario106,nombre106,apellido apellido 106,email@a.com106,password,curso_prueba,student
usuario107,nombre107,apellido apellido 107,email@a.com107,password,curso_prueba,student
usuario108,nombre108,apellido apellido 108,email@a.com108,password,curso_prueba,student
usuario109,nombre109,apellido apellido 109,email@a.com109,password,curso_prueba,student
usuario110,nombre110,apellido apellido 110,email@a.com110,password,curso_prueba,student
usuario111,nombre111,apellido apellido 111,email@a.com111,password,curso_prueba,student
usuario112,nombre112,apellido apellido 112,email@a.com112,password,curso_prueba,student
usuario113,nombre113,apellido apellido 113,email@a.com113,password,curso_prueba,student
usuario114,nombre114,apellido apellido 114,email@a.com114,password,curso_prueba,student
usuario115,nombre115,apellido apellido 115,email@a.com115,password,curso_prueba,student
usuario116,nombre116,apellido apellido 116,email@a.com116,password,curso_prueba,student
usuario117,nombre117,apellido apellido 117,email@a.com117,password,curso_prueba,student
usuario118,nombre118,apellido apellido 118,email@a.com118,password,curso_prueba,student
usuario119,nombre119,apellido apellido 119,email@a.com119,password,curso_prueba,student
usuario120,nombre120,apellido apellido 120,email@a.com120,password,curso_prueba,student
usuario121,nombre121,apellido apellido 121,email@a.com121,password,curso_prueba,student
usuario122,nombre122,apellido apellido 122,email@a.com122,password,curso_prueba,student
usuario123,nombre123,apellido apellido 123,email@a.com123,password,curso_prueba,student
usuario124,nombre124,apellido apellido 124,email@a.com124,password,curso_prueba,student
usuario125,nombre125,apellido apellido 125,email@a.com125,password,curso_prueba,student
usuario126,nombre126,apellido apellido 126,email@a.com126,password,curso_prueba,student
usuario127,nombre127,apellido apellido 127,email@a.com127,password,curso_prueba,student
usuario128,nombre128,apellido apellido 128,email@a.com128,password,curso_prueba,student
usuario129,nombre129,apellido apellido 129,email@a.com129,password,curso_prueba,student
usuario130,nombre130,apellido apellido 130,email@a.com130,password,curso_prueba,student
usuario131,nombre131,apellido apellido 131,email@a.com131,password,curso_prueba,student
usuario132,nombre132,apellido apellido 132,email@a.com132,password,curso_prueba,student
usuario133,nombre133,apellido apellido 133,email@a.com133,password,curso_prueba,student
usuario134,nombre134,apellido apellido 134,email@a.com134,password,curso_prueba,student
usuario135,nombre135,apellido apellido 135,email@a.com135,password,curso_prueba,student
usuario136,nombre136,apellido apellido 136,email@a.com136,password,curso_prueba,student
usuario137,nombre137,apellido apellido 137,email@a.com137,password,curso_prueba,student
usuario138,nombre138,apellido apellido 138,email@a.com138,password,curso_prueba,student
usuario139,nombre139,apellido apellido 139,email@a.com139,password,curso_prueba,student
usuario140,nombre140,apellido apellido 140,email@a.com140,password,curso_prueba,student
usuario141,nombre141,apellido apellido 141,email@a.com141,password,curso_prueba,student
usuario142,nombre142,apellido apellido 142,email@a.com142,password,curso_prueba,student
usuario143,nombre143,apellido apellido 143,email@a.com143,password,curso_prueba,student
usuario144,nombre144,apellido apellido 144,email@a.com144,password,curso_prueba,student
usuario145,nombre145,apellido apellido 145,email@a.com145,password,curso_prueba,student
usuario146,nombre146,apellido apellido 146,email@a.com146,password,curso_prueba,student
usuario147,nombre147,apellido apellido 147,email@a.com147,password,curso_prueba,student
usuario148,nombre148,apellido apellido 148,email@a.com148,password,curso_prueba,student
usuario149,nombre149,apellido apellido 149,email@a.com149,password,curso_prueba,student
usuario150,nombre150,apellido apellido 150,email@a.com150,password,curso_prueba,student
usuario151,nombre151,apellido apellido 151,email@a.com151,password,curso_prueba,student
usuario152,nombre152,apellido apellido 152,email@a.com152,password,curso_prueba,student
usuario153,nombre153,apellido apellido 153,email@a.com153,password,curso_prueba,student
usuario154,nombre154,apellido apellido 154,email@a.com154,password,curso_prueba,student
usuario155,nombre155,apellido apellido 155,email@a.com155,password,curso_prueba,student
usuario156,nombre156,apellido apellido 156,email@a.com156,password,curso_prueba,student
usuario157,nombre157,apellido apellido 157,email@a.com157,password,curso_prueba,student
usuario158,nombre158,apellido apellido 158,email@a.com158,password,curso_prueba,student
usuario159,nombre159,apellido apellido 159,email@a.com159,password,curso_prueba,student
usuario160,nombre160,apellido apellido 160,email@a.com160,password,curso_prueba,student
usuario161,nombre161,apellido apellido 161,email@a.com161,password,curso_prueba,student
usuario162,nombre162,apellido apellido 162,email@a.com162,password,curso_prueba,student
usuario163,nombre163,apellido apellido 163,email@a.com163,password,curso_prueba,student
usuario164,nombre164,apellido apellido 164,email@a.com164,password,curso_prueba,student
usuario165,nombre165,apellido apellido 165,email@a.com165,password,curso_prueba,student
usuario166,nombre166,apellido apellido 166,email@a.com166,password,curso_prueba,student
usuario167,nombre167,apellido apellido 167,email@a.com167,password,curso_prueba,student
usuario168,nombre168,apellido apellido 168,email@a.com168,password,curso_prueba,student
usuario169,nombre169,apellido apellido 169,email@a.com169,password,curso_prueba,student
usuario170,nombre170,apellido apellido 170,email@a.com170,password,curso_prueba,student
usuario171,nombre171,apellido apellido 171,email@a.com171,password,curso_prueba,student
usuario172,nombre172,apellido apellido 172,email@a.com172,password,curso_prueba,student
usuario173,nombre173,apellido apellido 173,email@a.com173,password,curso_prueba,student
usuario174,nombre174,apellido apellido 174,email@a.com174,password,curso_prueba,student
usuario175,nombre175,apellido apellido 175,email@a.com175,password,curso_prueba,student
usuario176,nombre176,apellido apellido 176,email@a.com176,password,curso_prueba,student
usuario177,nombre177,apellido apellido 177,email@a.com177,password,curso_prueba,student
usuario178,nombre178,apellido apellido 178,email@a.com178,password,curso_prueba,student
usuario179,nombre179,apellido apellido 179,email@a.com179,password,curso_prueba,student
usuario180,nombre180,apellido apellido 180,email@a.com180,password,curso_prueba,student
usuario181,nombre181,apellido apellido 181,email@a.com181,password,curso_prueba,student
usuario182,nombre182,apellido apellido 182,email@a.com182,password,curso_prueba,student
usuario183,nombre183,apellido apellido 183,email@a.com183,password,curso_prueba,student
usuario184,nombre184,apellido apellido 184,email@a.com184,password,curso_prueba,student
usuario185,nombre185,apellido apellido 185,email@a.com185,password,curso_prueba,student
usuario186,nombre186,apellido apellido 186,email@a.com186,password,curso_prueba,student
usuario187,nombre187,apellido apellido 187,email@a.com187,password,curso_prueba,student
usuario188,nombre188,apellido apellido 188,email@a.com188,password,curso_prueba,student
usuario189,nombre189,apellido apellido 189,email@a.com189,password,curso_prueba,student
usuario190,nombre190,apellido apellido 190,email@a.com190,password,curso_prueba,student
usuario191,nombre191,apellido apellido 191,email@a.com191,password,curso_prueba,student
usuario192,nombre192,apellido apellido 192,email@a.com192,password,curso_prueba,student
usuario193,nombre193,apellido apellido 193,email@a.com193,password,curso_prueba,student
usuario194,nombre194,apellido apellido 194,email@a.com194,password,curso_prueba,student
usuario195,nombre195,apellido apellido 195,email@a.com195,password,curso_prueba,student
usuario196,nombre196,apellido apellido 196,email@a.com196,password,curso_prueba,student
usuario197,nombre197,apellido apellido 197,email@a.com197,password,curso_prueba,student
usuario198,nombre198,apellido apellido 198,email@a.com198,password,curso_prueba,student
usuario199,nombre199,apellido apellido 199,email@a.com199,password,curso_prueba,student
usuario200,nombre200,apellido apellido 200,email@a.com200,password,curso_prueba,student
usuario201,nombre201,apellido apellido 201,email@a.com201,password,curso_prueba,student
usuario202,nombre202,apellido apellido 202,email@a.com202,password,curso_prueba,student
usuario203,nombre203,apellido apellido 203,email@a.com203,password,curso_prueba,student
usuario204,nombre204,apellido apellido 204,email@a.com204,password,curso_prueba,student
usuario205,nombre205,apellido apellido 205,email@a.com205,password,curso_prueba,student
usuario206,nombre206,apellido apellido 206,email@a.com206,password,curso_prueba,student
usuario207,nombre207,apellido apellido 207,email@a.com207,password,curso_prueba,student
usuario208,nombre208,apellido apellido 208,email@a.com208,password,curso_prueba,student
usuario209,nombre209,apellido apellido 209,email@a.com209,password,curso_prueba,student
usuario210,nombre210,apellido apellido 210,email@a.com210,password,curso_prueba,student
usuario211,nombre211,apellido apellido 211,email@a.com211,password,curso_prueba,student
usuario212,nombre212,apellido apellido 212,email@a.com212,password,curso_prueba,student
usuario213,nombre213,apellido apellido 213,email@a.com213,password,curso_prueba,student
usuario214,nombre214,apellido apellido 214,email@a.com214,password,curso_prueba,student
usuario215,nombre215,apellido apellido 215,email@a.com215,password,curso_prueba,student
usuario216,nombre216,apellido apellido 216,email@a.com216,password,curso_prueba,student
usuario217,nombre217,apellido apellido 217,email@a.com217,password,curso_prueba,student
usuario218,nombre218,apellido apellido 218,email@a.com218,password,curso_prueba,student
usuario219,nombre219,apellido apellido 219,email@a.com219,password,curso_prueba,student
usuario220,nombre220,apellido apellido 220,email@a.com220,password,curso_prueba,student
usuario221,nombre221,apellido apellido 221,email@a.com221,password,curso_prueba,student
usuario222,nombre222,apellido apellido 222,email@a.com222,password,curso_prueba,student
usuario223,nombre223,apellido apellido 223,email@a.com223,password,curso_prueba,student
usuario224,nombre224,apellido apellido 224,email@a.com224,password,curso_prueba,student
usuario225,nombre225,apellido apellido 225,email@a.com225,password,curso_prueba,student
usuario226,nombre226,apellido apellido 226,email@a.com226,password,curso_prueba,student
usuario227,nombre227,apellido apellido 227,email@a.com227,password,curso_prueba,student
usuario228,nombre228,apellido apellido 228,email@a.com228,password,curso_prueba,student
usuario229,nombre229,apellido apellido 229,email@a.com229,password,curso_prueba,student
usuario230,nombre230,apellido apellido 230,email@a.com230,password,curso_prueba,student
usuario231,nombre231,apellido apellido 231,email@a.com231,password,curso_prueba,student
usuario232,nombre232,apellido apellido 232,email@a.com232,password,curso_prueba,student
usuario233,nombre233,apellido apellido 233,email@a.com233,password,curso_prueba,student
usuario234,nombre234,apellido apellido 234,email@a.com234,password,curso_prueba,student
usuario235,nombre235,apellido apellido 235,email@a.com235,password,curso_prueba,student
usuario236,nombre236,apellido apellido 236,email@a.com236,password,curso_prueba,student
usuario237,nombre237,apellido apellido 237,email@a.com237,password,curso_prueba,student
usuario238,nombre238,apellido apellido 238,email@a.com238,password,curso_prueba,student
usuario239,nombre239,apellido apellido 239,email@a.com239,password,curso_prueba,student
usuario240,nombre240,apellido apellido 240,email@a.com240,password,curso_prueba,student
usuario241,nombre241,apellido apellido 241,email@a.com241,password,curso_prueba,student
usuario242,nombre242,apellido apellido 242,email@a.com242,password,curso_prueba,student
usuario243,nombre243,apellido apellido 243,email@a.com243,password,curso_prueba,student
usuario244,nombre244,apellido apellido 244,email@a.com244,password,curso_prueba,student
usuario245,nombre245,apellido apellido 245,email@a.com245,password,curso_prueba,student
usuario246,nombre246,apellido apellido 246,email@a.com246,password,curso_prueba,student
usuario247,nombre247,apellido apellido 247,email@a.com247,password,curso_prueba,student
usuario248,nombre248,apellido apellido 248,email@a.com248,password,curso_prueba,student
usuario249,nombre249,apellido apellido 249,email@a.com249,password,curso_prueba,student
usuario250,nombre250,apellido apellido 250,email@a.com250,password,curso_prueba,student
